question_id,error_category
q_01223,2
q_00572,1
q_00717,3
q_01071,0
q_01013,0
q_01153,4
q_00884,0
q_01070,2
q_01205,4
q_01082,0
q_00126,4
q_01053,1
q_00827,0
q_01329,0
q_00267,3
q_00316,3
q_01001,0
q_01005,1
q_01330,0
q_00518,4
q_00676,3
q_00182,0
q_01131,4
q_01177,0
q_00281,1
q_00426,4
q_00899,0
q_00085,4
q_00004,4
q_01100,3
q_00171,0
q_01327,1
q_01453,0
q_00450,4
q_00116,1
q_00566,2
q_01238,3
q_00661,1
q_00464,4
q_01094,0
q_01168,4
q_00523,2
q_00692,4
q_01435,1
q_00028,0
q_01413,4
q_00152,4
q_00801,1
q_00457,2
q_01207,0
q_00096,4
q_00252,0
q_00771,4
q_00132,0
q_01050,4
q_00407,1
q_01257,3
q_00949,4
q_00928,3
q_01356,2
q_00466,3
q_01302,4
q_00504,3
q_00248,2
q_00641,2
q_00217,1
q_00081,1
q_01037,1
q_01367,0
q_00978,4
q_01246,2
q_00845,4
q_00227,3
q_00332,2
q_00471,3
q_00968,2
q_00362,4
q_00835,0
q_00027,0
q_00757,4
q_01411,3
q_00847,1
q_01034,2
q_00071,1
q_01014,3
q_00780,3
q_00609,0
q_00770,0
q_00109,4
q_00642,4
q_00811,2
q_01354,2
q_00979,2
q_00684,4
q_00275,3
q_00416,4
q_00644,3
q_00554,0
q_00209,0
q_00589,2
q_00882,3
q_00086,0
q_00521,0
q_00348,2
q_00752,4
q_00384,3
q_00274,2
q_00856,3
q_00064,2
q_00232,0
q_01101,3
q_01379,2
q_00298,1
q_01105,4
q_00472,0
q_00226,3
q_00329,0
q_01299,1
q_00603,2
q_00199,1
q_00320,1
q_00548,3
q_00850,3
q_00517,3
q_00948,0
q_00690,1
q_00150,3
q_00709,3
q_01189,4
q_01186,2
q_00778,1
q_01161,3
q_00527,4
q_00893,2
q_00840,3
q_00083,2
q_00234,3
q_01042,1
q_01102,1
q_00689,0
q_01069,1
q_01112,1
q_00059,1
q_01221,1
q_00726,0
q_01076,3
q_00127,4
q_00046,1
q_00404,2
q_00186,2
q_00074,0
q_00995,1
q_00052,3
q_01405,4
q_00243,2
q_00569,4
q_00333,4
q_00926,2
q_00220,1
q_01012,4
q_00612,4
q_00084,0
q_00153,3
q_00911,4
q_01443,3
q_01409,3
q_00943,3
q_00516,3
q_00374,0
q_00869,3
q_00831,3
q_00859,0
q_01342,1
q_00239,0
q_00020,1
q_00370,3
q_01232,1
q_01372,0
q_01309,2
q_01285,4
q_01206,0
q_00251,0
q_00846,0
q_00601,4
q_00790,1
q_00876,4
q_01011,0
q_00141,2
q_00142,4
q_00524,0
q_00733,0
q_00725,1
q_00170,4
q_01045,3
q_01366,1
q_00388,2
q_00428,2
q_00656,4
q_01099,2
q_00024,3
q_00746,0
q_00636,0
q_00810,3
q_00992,3
q_00353,3
q_00677,3
q_01123,2
q_01016,0
q_00657,1
q_01289,0
q_00321,2
q_00607,2
q_00123,3
q_00075,1
q_00604,4
q_00145,0
q_01362,1
q_00956,4
q_00422,2
q_00010,1
q_00611,4
q_00714,0
q_00442,4
q_01151,2
q_01353,0
q_00037,2
q_01282,4
q_01228,2
q_00484,1
q_00299,2
q_00485,1
q_00542,4
q_01274,4
q_00896,4
q_00559,2
q_00282,1
q_01250,4
q_01447,1
q_00100,1
q_00561,3
q_00789,1
q_01209,1
q_00178,4
q_00007,3
q_00908,2
q_00555,0
q_00653,0
q_00933,2
q_01349,3
q_00425,2
q_00681,1
q_01158,4
q_01019,2
q_01416,3
q_01350,2
q_00397,2
q_00439,0
q_00864,1
q_00410,0
q_00705,1
q_00045,3
q_00211,1
q_00161,2
q_00787,1
q_00671,3
q_01319,4
q_00242,4
q_00207,0
q_01127,3
q_00920,2
q_00910,0
q_00354,0
q_00739,3
q_00107,1
q_00937,3
q_01061,1
q_01195,3
q_00128,2
q_00032,0
q_00121,3
q_00529,3
q_00041,3
q_00655,0
q_00136,1
q_00431,1
q_00342,1
q_00498,0
q_00849,1
q_00813,4
q_00678,3
q_00888,1
q_00021,4
q_00515,4
q_00438,3
q_01437,2
q_00679,1
q_00668,4
q_00143,4
q_00470,1
q_00964,0
q_01344,0
q_00465,0
q_00201,4
q_00131,1
q_00874,3
q_00944,1
q_00417,1
q_01451,0
q_01054,2
q_00168,1
q_01124,2
q_01315,4
q_00539,1
q_00162,4
q_00965,2
q_01243,2
q_00261,4
q_00249,3
q_00369,1
q_00925,0
q_00969,2
q_00895,3
q_00343,4
q_00360,4
q_01296,3
q_01301,4
q_00151,1
q_00649,4
q_00393,1
q_01373,4
q_01252,4
q_00605,0
q_00898,3
q_01217,1
q_00038,4
q_00707,0
q_01202,1
q_00695,1
q_01263,1
q_00626,3
q_01128,4
q_00713,0
q_01196,4
q_00224,0
q_01135,2
q_00868,4
q_01085,4
q_00082,4
q_00826,3
q_01294,0
q_00938,4
q_00229,0
q_00381,1
q_00674,1
q_01227,2
q_00916,0
q_00139,0
q_00786,4
q_00890,3
q_00365,4
q_01147,0
q_00334,0
q_00989,3
q_00820,2
q_00588,4
q_01142,4
q_00279,4
q_01249,4
q_01200,1
q_00349,2
q_01097,3
q_00149,4
q_00817,4
q_01122,3
q_00500,4
q_01240,1
q_01231,4
q_00769,2
q_00499,4
q_00306,1
q_00774,3
q_01376,1
q_00923,3
q_00206,0
q_00686,3
q_00748,3
q_01176,2
q_00327,0
q_00238,1
q_01035,3
q_00413,0
q_00379,1
q_00023,2
q_01310,0
q_01068,1
q_00643,2
q_00341,1
q_01364,2
q_00652,1
q_00905,3
q_00567,1
q_00357,0
q_01458,3
q_00315,3
q_00197,1
q_00721,1
q_01047,1
q_01304,3
q_00985,4
q_01074,3
q_00001,2
q_00823,3
q_00240,1
q_00747,2
q_00565,2
q_00372,0
q_00982,2
q_00011,0
q_00166,2
q_01197,4
q_01426,3
q_00477,3
q_00580,0
q_00409,3
q_00662,2
q_01280,4
q_00697,4
q_00906,2
q_01010,4
q_01203,0
q_00867,0
q_01295,1
q_01173,0
q_01275,0
q_01084,2
q_00776,2
q_00062,0
q_01192,1
q_00474,2
q_00773,1
q_00645,3
q_00680,2
q_00585,3
q_01402,1
q_01264,4
q_01281,4
q_01027,4
q_00301,3
q_00957,2
q_00623,0
q_00335,2
q_01059,0
q_00584,1
q_00930,3
q_01385,0
q_00223,2
q_00489,0
q_00625,0
q_00352,2
q_00022,0
q_01116,4
q_01394,1
q_01241,0
q_00482,2
q_00724,0
q_00311,3
q_00497,0
q_00187,2
q_00216,4
q_01425,3
q_00536,2
q_00283,4
q_01384,1
q_00463,0
q_00974,4
q_01395,1
q_00288,0
q_00844,1
q_00829,2
q_01002,0
q_00740,1
q_00169,1
q_00962,2
q_01423,2
q_00414,4
q_00783,1
q_01121,2
q_00528,3
q_00576,4
q_00411,1
q_00509,2
q_00966,2
q_00854,0
q_00310,2
q_00445,0
q_00622,0
q_00522,0
q_00977,4
q_00368,4
q_00322,1
q_01467,4
q_01429,3
q_00672,1
q_00214,3
q_00973,0
q_00608,3
q_01421,3
q_01254,4
q_00165,3
q_00578,4
q_00955,2
q_01466,1
q_00972,1
q_00767,2
q_00897,1
q_00871,1
q_00804,3
q_00287,2
q_00556,0
q_01361,1
q_00939,0
q_00551,0
q_01457,2
q_00614,3
q_01415,1
q_01463,0
q_00581,0
q_00997,3
q_01308,4
q_00291,2
q_00324,4
q_00889,1
q_01234,2
q_00855,0
q_01190,3
q_00598,1
q_00961,1
q_00491,2
q_00120,3
q_00430,0
q_01383,2
q_00119,2
q_00235,2
q_01386,4
q_01003,2
q_01396,1
q_01051,0
q_01431,2
q_00455,1
q_00547,2
q_00704,1
q_00797,0
q_00480,2
q_00436,3
q_00921,0
q_00723,3
q_00399,2
q_00366,4
q_00190,1
q_01324,1
q_00814,4
q_00330,0
q_00277,0
q_01183,2
q_01307,0
q_00667,1
q_00191,3
q_00133,4
q_00481,0
q_00710,3
q_00266,0
q_01181,2
q_00591,2
q_01414,1
q_00319,0
q_00447,4
q_00503,4
q_01440,1
q_01211,4
q_00225,3
q_01172,2
q_01456,3
q_00424,1
q_01338,2
q_00163,4
q_00313,1
q_00098,0
q_01038,4
q_00954,3
q_00462,4
q_00501,1
q_00793,4
q_01193,4
q_00092,4
q_01320,0
q_00741,4
q_01000,1
q_00887,0
q_00035,0
q_01343,0
q_01056,1
q_01021,2
q_00745,0
q_01212,3
q_00192,3
q_00487,4
q_00325,0
q_00759,0
q_00865,4
q_01208,1
q_00435,3
q_01387,2
q_00176,0
q_00909,3
q_01226,0
q_00363,4
q_00851,4
q_00345,0
q_01219,4
q_01248,0
q_00700,3
q_00590,2
q_01465,0
q_00140,2
q_01297,1
q_01397,1
q_01251,1
q_00068,3
q_01191,3
q_00245,3
q_01336,0
q_01244,3
q_00782,2
q_00861,0
q_00412,4
q_00177,1
q_01432,0
q_00758,4
q_00420,1
q_00637,2
q_00915,2
q_00816,2
q_00618,4
q_00959,4
q_00331,1
q_00843,0
q_01460,3
q_01239,0
q_00534,3
q_01346,2
q_00452,0
q_00663,1
q_01067,3
q_01401,2
q_01018,4
q_00848,2
q_00265,3
q_01154,3
q_00719,3
q_01419,0
q_01096,4
q_00691,1
q_00685,2
q_00886,0
q_00531,3
q_01141,0
q_00998,2
q_00858,3
q_00901,0
q_01117,4
q_01255,3
q_01143,2
q_01428,3
q_00278,1
q_01063,1
q_00511,0
q_00218,4
q_00698,0
q_00932,1
q_00129,4
q_00468,2
q_00703,2
q_00952,1
q_00967,4
q_01025,4
q_01152,2
q_01328,0
q_00093,2
q_00903,1
q_00047,3
q_00340,3
q_00635,3
q_00094,0
q_01030,1
q_01368,0
q_00323,3
q_00640,3
q_01049,3
q_00246,2
q_00017,1
q_01348,3
q_01090,2
q_00184,3
q_01303,2
q_01380,0
q_01150,2
q_00033,0
q_01103,2
q_00975,2
q_00135,3
q_01125,0
q_01043,1
q_01104,0
q_00111,2
q_01441,2
q_01351,2
q_00981,0
q_01337,3
q_00706,3
q_00418,4
q_00792,0
q_00088,2
q_00070,3
q_00727,2
q_01247,0
q_00213,2
q_01093,0
q_00866,0
q_00628,2
q_01129,1
q_00819,1
q_01033,2
q_00358,3
q_00639,4
q_00146,2
q_00061,1
q_00423,2
q_01258,3
q_00380,0
q_01017,3
q_01339,4
q_00830,4
q_01442,1
q_00375,0
q_00815,0
q_01229,3
q_01055,3
q_01146,4
q_00048,1
q_00318,2
q_01420,3
q_00105,0
q_00994,4
q_01115,1
q_01095,1
q_01389,3
q_00853,3
q_00950,2
q_00400,2
q_00441,2
q_01138,2
q_00373,2
q_01445,3
q_00328,1
q_01375,2
q_00185,3
q_00402,4
q_00317,3
q_00065,0
q_00508,1
q_00976,1
q_00881,0
q_00543,1
q_01417,4
q_00665,3
q_00395,4
q_00863,1
q_00596,3
q_00894,2
q_00309,3
q_00781,3
q_00259,1
q_00195,4
q_00809,1
q_00624,1
q_00627,0
q_00204,1
q_00729,2
q_00181,4
q_00230,0
q_00117,2
q_00762,1
q_00615,2
q_00241,2
q_01108,4
q_00118,1
q_00996,0
q_00924,3
q_00289,3
q_00960,3
q_00446,4
q_00788,1
q_00836,3
q_00005,2
q_00822,2
q_00510,0
q_00347,3
q_00610,2
q_00034,4
q_00029,2
q_01114,1
q_00513,4
q_00257,4
q_00434,1
q_00519,0
q_00344,2
q_01326,1
q_00124,3
q_00812,3
q_00036,3
q_00297,3
q_00828,2
q_00754,0
q_01235,1
q_00057,0
q_00763,3
q_00006,3
q_00012,4
q_00560,3
q_00179,0
q_01287,0
q_00805,3
q_01171,4
q_01270,3
q_00963,3
q_00958,1
q_00488,0
q_00900,1
q_01436,1
q_01185,1
q_00443,4
q_00683,0
q_00290,3
q_00486,0
q_00461,4
q_00458,0
q_00545,0
q_00544,1
q_00592,1
q_00784,4
q_00264,0
q_00221,2
q_01291,1
q_01438,2
q_00549,4
q_01220,3
q_00505,0
q_00594,0
q_01371,0
q_00367,2
q_01318,4
q_00386,4
q_00054,1
q_01439,3
q_00902,2
q_00701,1
q_01087,4
q_01407,0
q_00031,0
q_00055,4
q_00292,2
q_00751,3
q_00276,2
q_01298,2
q_01256,1
q_00540,3
q_00579,4
q_00892,1
q_00779,4
q_01358,1
q_00880,0
q_00060,3
q_01335,2
q_01237,0
q_00125,0
q_01300,1
q_01008,3
q_00841,3
q_00396,0
q_00080,2
q_01065,1
q_00525,3
q_00825,2
q_00454,1
q_00806,3
q_00026,0
q_00272,2
q_00406,3
q_01162,2
q_00837,3
q_00200,1
q_01064,0
q_00493,2
q_01225,4
q_00753,0
q_00766,1
q_00980,3
q_00987,1
q_00533,2
q_00599,1
q_00193,1
q_01269,3
q_01334,1
q_00215,2
q_01360,2
q_01060,0
q_00802,4
q_01393,3
q_00919,4
q_01433,1
q_01156,1
q_00600,3
q_00101,3
q_00205,0
q_01408,4
q_01278,1
q_00250,3
q_00947,0
q_01107,1
q_01215,0
q_00268,4
q_00043,1
q_00212,3
q_00735,0
q_01036,0
q_00875,1
q_01390,3
q_00532,3
q_01155,2
q_00296,0
q_01160,0
q_00857,1
q_01230,2
q_01134,1
q_00382,1
q_00654,4
q_01032,3
q_00794,0
q_00715,2
q_01398,3
q_00619,2
q_00530,2
q_01406,3
q_00087,1
q_00269,0
q_00326,0
q_00183,0
q_00478,2
q_01341,0
q_01306,2
q_00009,3
q_01381,0
q_01332,4
q_00188,1
q_01271,3
q_00807,2
q_00953,2
q_00273,3
q_00053,0
q_00253,0
q_00490,3
q_00013,1
q_00512,2
q_00550,4
q_00155,3
q_00258,1
q_00765,2
q_00164,2
q_00106,3
q_01365,0
q_00018,3
q_00401,1
q_00008,3
q_00479,0
q_00432,3
q_00115,0
q_01182,3
q_00927,0
q_00693,0
q_01471,2
q_00934,1
q_00803,0
q_01444,4
q_00800,2
q_00356,2
q_01323,2
q_01179,2
q_00696,4
q_00744,0
q_00991,2
q_00285,2
q_00077,2
q_00453,2
q_00526,0
q_00494,4
q_01120,0
q_00304,0
q_00573,1
q_00219,0
q_00110,3
q_01347,3
q_00687,3
q_01157,2
q_01109,3
q_00336,3
q_00476,1
q_01046,3
q_00891,1
q_00666,0
q_00421,2
q_01198,1
q_00405,4
q_00870,1
q_01268,2
q_00694,2
q_01267,3
q_00194,2
q_00016,4
q_00633,0
q_00302,4
q_00385,1
q_00294,3
q_00025,1
q_00300,1
q_00437,3
q_00339,0
q_01048,0
q_00799,3
q_01140,4
q_00570,4
q_00688,2
q_00403,1
q_00749,3
q_00711,0
q_00872,0
q_00712,2
q_01352,4
q_01462,0
q_00675,1
q_01110,0
q_01159,3
q_01072,3
q_01024,3
q_00050,1
q_00738,1
q_00775,1
q_01118,3
q_01222,3
q_00157,4
q_00535,1
q_00377,4
q_00097,0
q_00102,2
q_00039,2
q_00630,2
q_00359,4
q_01133,2
q_00371,2
q_01083,2
q_00091,2
q_00295,1
q_01454,3
q_00433,1
q_00350,1
q_01391,1
q_00387,1
q_00058,1
q_01236,2
q_00303,4
q_01261,1
q_00262,2
q_00650,0
q_00553,3
q_00918,2
q_00002,1
q_01412,4
q_01410,4
q_00222,1
q_00574,0
q_01293,3
q_00286,0
q_01260,0
q_00552,0
q_00180,3
q_00673,1
q_00720,3
q_00999,2
q_01277,0
q_01312,2
q_01253,1
q_01325,0
q_00244,0
q_00263,1
q_00459,4
q_01276,4
q_00506,1
q_00629,0
q_01448,2
q_01009,4
q_00148,1
q_00122,3
q_01188,4
q_00202,2
q_00722,0
q_00664,0
q_01088,4
q_01164,4
q_00632,2
q_01468,1
q_00056,0
q_00946,2
q_00562,2
q_00839,1
q_00067,0
q_00156,1
q_00364,2
q_00907,0
q_01111,4
q_00586,1
q_01305,0
q_01292,2
q_01404,3
q_01464,2
q_00768,1
q_00073,4
q_01080,2
q_00444,0
q_01333,1
q_01403,0
q_01210,3
q_00044,4
q_00069,3
q_01392,0
q_00072,3
q_01028,0
